Timestamp_MS,Angulo,PWM,Modo
796900,0.81,0.0,IDLE
796910,0.81,0.0,IDLE
796920,0.81,0.0,IDLE
796930,0.82,0.0,IDLE
796940,0.82,0.0,IDLE
796950,0.82,0.0,IDLE
796960,0.82,0.0,IDLE
796970,0.82,0.0,IDLE
796980,0.82,0.0,IDLE
796990,0.82,0.0,IDLE
797000,0.82,0.0,IDLE
797010,0.81,0.0,IDLE
797020,0.81,0.0,IDLE
797030,0.81,0.0,IDLE
797040,0.81,0.0,IDLE
797050,0.81,0.0,IDLE
797060,0.81,0.0,IDLE
797070,0.82,0.0,IDLE
797080,0.82,0.0,IDLE
797090,0.82,0.0,IDLE
797100,0.82,0.0,IDLE
797110,0.82,0.0,IDLE
797120,0.81,0.0,IDLE
797130,0.81,0.0,IDLE
797140,0.81,0.0,IDLE
797150,0.81,0.0,IDLE
797160,0.81,0.0,IDLE
797170,0.81,0.0,IDLE
797180,0.81,0.0,IDLE
797190,0.81,0.0,IDLE
797200,0.82,0.0,IDLE
797210,0.82,0.0,IDLE
797220,0.82,0.0,IDLE
797230,0.82,0.0,IDLE
797240,0.81,0.0,IDLE
797250,0.81,0.0,IDLE
797260,0.81,0.0,IDLE
797270,0.81,0.0,IDLE
797280,0.81,0.0,IDLE
797290,0.81,0.0,IDLE
797300,0.81,0.0,IDLE
797310,0.81,0.0,IDLE
797320,0.81,0.0,IDLE
797330,0.81,0.0,IDLE
797340,0.82,0.0,IDLE
797350,0.82,0.0,IDLE
797360,0.82,0.0,IDLE
797370,0.81,0.0,IDLE
797380,0.81,0.0,IDLE
797390,0.81,0.0,IDLE
797400,0.81,0.0,IDLE
797410,0.81,0.0,IDLE
797420,0.81,0.0,IDLE
797430,0.81,0.0,IDLE
797440,0.81,0.0,IDLE
797450,0.81,0.0,IDLE
797460,0.81,0.0,IDLE
797470,0.81,0.0,IDLE
797480,0.81,0.0,IDLE
797490,0.81,0.0,IDLE
797500,0.81,0.0,IDLE
797510,0.81,0.0,IDLE
797520,0.81,0.0,IDLE
797530,0.81,0.0,IDLE
797540,0.81,0.0,IDLE
797550,0.81,0.0,IDLE
797560,0.81,0.0,IDLE
797570,0.81,0.0,IDLE
797580,0.81,0.0,IDLE
797590,0.81,0.0,IDLE
797600,0.81,0.0,IDLE
797610,0.81,0.0,IDLE
797620,0.81,0.0,IDLE
797630,0.81,0.0,IDLE
797640,0.81,0.0,IDLE
797650,0.81,0.0,IDLE
797660,0.81,0.0,IDLE
797670,0.82,0.0,IDLE
797680,0.82,0.0,IDLE
797690,0.82,0.0,IDLE
797700,0.81,0.0,IDLE
797710,0.81,0.0,IDLE
797720,0.81,0.0,IDLE
797730,0.81,0.0,IDLE
797740,0.81,0.0,IDLE
797750,0.81,0.0,IDLE
797760,0.81,0.0,IDLE
797770,0.81,0.0,IDLE
797780,0.82,0.0,IDLE
797790,0.82,0.0,IDLE
797800,0.82,0.0,IDLE
797810,0.82,0.0,IDLE
797820,0.82,0.0,IDLE
797830,0.82,0.0,IDLE
797840,0.82,0.0,IDLE
797850,0.81,0.0,IDLE
797860,0.81,0.0,IDLE
797870,0.81,0.0,IDLE
797880,0.82,0.0,IDLE
797890,0.82,0.0,IDLE
797900,0.82,0.0,IDLE
797910,0.82,0.0,IDLE
797920,0.82,0.0,IDLE
797930,0.81,0.0,IDLE
797940,0.81,0.0,IDLE
797950,0.81,0.0,IDLE
797960,0.81,0.0,IDLE
797970,0.81,0.0,IDLE
797980,0.81,0.0,IDLE
797990,0.82,0.0,IDLE
798000,0.82,0.0,IDLE
798010,0.82,0.0,IDLE
798020,0.82,0.0,IDLE
798030,0.82,0.0,IDLE
798040,0.82,0.0,IDLE
798050,0.82,0.0,IDLE
798060,0.82,0.0,IDLE
798070,0.81,0.0,IDLE
798080,0.81,0.0,IDLE
798090,0.81,0.0,IDLE
798100,0.81,0.0,IDLE
798110,0.82,0.0,IDLE
798120,0.82,0.0,IDLE
798130,0.83,0.0,IDLE
798140,0.83,0.0,IDLE
798150,0.83,0.0,IDLE
798160,0.83,0.0,IDLE
798170,0.82,0.0,IDLE
798180,0.82,0.0,IDLE
798190,0.81,0.0,IDLE
798200,0.81,0.0,IDLE
798210,0.81,0.0,IDLE
798220,0.81,0.0,IDLE
798230,0.81,0.0,IDLE
798240,0.82,0.0,IDLE
798250,0.82,0.0,IDLE
798260,0.82,0.0,IDLE
798270,0.83,0.0,IDLE
798280,0.83,0.0,IDLE
798290,0.82,0.0,IDLE
798300,0.82,0.0,IDLE
798310,0.81,0.0,IDLE
798320,0.81,0.0,IDLE
798330,0.81,0.0,IDLE
798340,0.81,0.0,IDLE
798350,0.81,0.0,IDLE
798360,0.81,0.0,IDLE
798370,0.81,0.0,IDLE
798380,0.82,0.0,IDLE
798390,0.82,0.0,IDLE
798400,0.82,0.0,IDLE
798410,0.82,0.0,IDLE
798420,0.82,0.0,IDLE
798430,0.82,0.0,IDLE
798440,0.81,0.0,IDLE
798450,0.81,0.0,IDLE
798460,0.81,0.0,IDLE
798470,0.81,0.0,IDLE
798480,0.81,0.0,IDLE
798490,0.81,0.0,IDLE
798500,0.82,0.0,IDLE
798510,0.82,0.0,IDLE
798520,0.82,0.0,IDLE
798530,0.82,0.0,IDLE
798540,0.82,0.0,IDLE
798550,0.82,0.0,IDLE
798560,0.81,0.0,IDLE
798570,0.81,0.0,IDLE
798580,0.81,0.0,IDLE
798590,0.81,0.0,IDLE
798600,0.82,0.0,IDLE
798610,0.82,0.0,IDLE
798620,0.82,0.0,IDLE
798630,0.82,0.0,IDLE
798640,0.82,0.0,IDLE
798650,0.82,0.0,IDLE
798660,0.82,0.0,IDLE
798670,0.82,0.0,IDLE
798680,0.81,0.0,IDLE
798690,0.81,0.0,IDLE
798700,0.81,0.0,IDLE
798710,0.81,0.0,IDLE
798720,0.81,0.0,IDLE
798730,0.81,0.0,IDLE
798740,0.82,0.0,IDLE
798750,0.82,0.0,IDLE
798760,0.82,0.0,IDLE
798770,0.82,0.0,IDLE
798780,0.82,0.0,IDLE
798790,0.82,0.0,IDLE
798800,0.81,0.0,IDLE
798810,0.81,0.0,IDLE
798820,0.81,0.0,IDLE
798830,0.81,0.0,IDLE
798840,0.81,0.0,IDLE
798850,0.81,0.0,IDLE
798860,0.82,0.0,IDLE
798870,0.82,0.0,IDLE
798880,0.82,0.0,IDLE
798890,0.82,0.0,IDLE
798900,0.82,0.0,IDLE
798910,0.82,0.0,IDLE
798920,0.82,0.0,IDLE
798930,0.82,0.0,IDLE
798940,0.82,0.0,IDLE
798950,0.82,0.0,IDLE
798960,0.82,0.0,IDLE
798970,0.82,0.0,IDLE
798980,0.82,0.0,IDLE
798990,0.82,0.0,IDLE
799000,0.82,0.0,IDLE
799010,0.82,0.0,IDLE
799020,0.82,0.0,IDLE
799030,0.82,0.0,IDLE
799040,0.82,0.0,IDLE
799050,0.82,0.0,IDLE
799060,0.82,0.0,IDLE
799070,0.82,0.0,IDLE
799080,0.82,0.0,IDLE
799090,0.82,0.0,IDLE
799100,0.82,0.0,IDLE
799110,0.83,0.0,IDLE
799120,0.83,0.0,IDLE
799130,0.82,0.0,IDLE
799140,0.82,0.0,IDLE
799150,0.82,0.0,IDLE
799160,0.82,0.0,IDLE
799170,0.82,0.0,IDLE
799180,0.82,0.0,IDLE
799190,0.82,0.0,IDLE
799200,0.82,0.0,IDLE
799210,0.82,0.0,IDLE
799220,0.82,0.0,IDLE
799230,0.83,0.0,IDLE
799240,0.83,0.0,IDLE
799250,0.83,0.0,IDLE
799260,0.83,0.0,IDLE
799270,0.82,0.0,IDLE
799280,0.82,0.0,IDLE
799290,0.82,0.0,IDLE
799300,0.82,0.0,IDLE
799310,0.82,0.0,IDLE
799320,0.82,0.0,IDLE
799330,0.82,0.0,IDLE
799340,0.83,0.0,IDLE
799350,0.83,0.0,IDLE
799360,0.83,0.0,IDLE
799370,0.83,0.0,IDLE
799380,0.83,0.0,IDLE
799390,0.83,0.0,IDLE
799400,0.83,0.0,IDLE
799410,0.82,0.0,IDLE
799420,0.82,0.0,IDLE
799430,0.82,0.0,IDLE
799440,0.82,0.0,IDLE
799450,0.82,0.0,IDLE
799460,0.82,0.0,IDLE
799470,0.83,0.0,IDLE
799480,0.83,0.0,IDLE
799490,0.83,0.0,IDLE
799500,0.83,0.0,IDLE
799510,0.83,0.0,IDLE
799520,0.83,0.0,IDLE
799530,0.82,0.0,IDLE
799540,0.82,0.0,IDLE
799550,0.82,0.0,IDLE
799560,0.82,0.0,IDLE
799570,0.83,0.0,IDLE
799580,0.83,0.0,IDLE
799590,0.83,0.0,IDLE
799600,0.83,0.0,IDLE
799610,0.83,0.0,IDLE
799620,0.83,0.0,IDLE
799630,0.83,0.0,IDLE
799640,0.83,0.0,IDLE
799650,0.82,0.0,IDLE
799660,0.82,0.0,IDLE
799670,0.82,0.0,IDLE
799680,0.83,0.0,IDLE
799690,0.83,0.0,IDLE
799700,0.83,0.0,IDLE
799710,0.83,0.0,IDLE
799720,0.83,0.0,IDLE
799730,0.83,0.0,IDLE
799740,0.83,0.0,IDLE
799750,0.83,0.0,IDLE
799760,0.83,0.0,IDLE
799770,0.82,0.0,IDLE
799780,0.82,0.0,IDLE
799790,0.82,0.0,IDLE
799800,0.82,0.0,IDLE
799810,0.83,0.0,IDLE
799820,0.83,0.0,IDLE
799830,0.83,0.0,IDLE
799840,0.83,0.0,IDLE
799850,0.83,0.0,IDLE
799860,0.83,0.0,IDLE
799870,0.83,0.0,IDLE
799880,0.83,0.0,IDLE
799890,0.83,0.0,IDLE
799900,0.83,0.0,IDLE
799910,0.83,0.0,IDLE
799920,0.83,0.0,IDLE
799930,0.83,0.0,IDLE
799940,0.83,0.0,IDLE
799950,0.83,0.0,IDLE
799960,0.83,0.0,IDLE
799970,0.83,0.0,IDLE
799980,0.83,0.0,IDLE
799990,0.83,0.0,IDLE
800000,0.83,0.0,IDLE
800010,0.83,0.0,IDLE
800020,0.83,0.0,IDLE
800030,0.83,0.0,IDLE
800040,0.83,0.0,IDLE
800050,0.83,0.0,IDLE
800060,0.83,0.0,IDLE
800070,0.83,0.0,IDLE
800080,0.83,0.0,IDLE
800090,0.83,0.0,IDLE
800100,0.83,0.0,IDLE
800110,0.83,0.0,IDLE
800120,0.83,0.0,IDLE
800130,0.83,0.0,IDLE
800140,0.83,0.0,IDLE
800150,0.83,0.0,IDLE
800160,0.83,0.0,IDLE
800170,0.83,0.0,IDLE
800180,0.83,0.0,IDLE
800190,0.83,0.0,IDLE
800200,0.83,0.0,IDLE
800210,0.83,0.0,IDLE
800220,0.83,0.0,IDLE
800230,0.83,0.0,IDLE
800240,0.83,0.0,IDLE
800250,0.83,0.0,IDLE
800260,0.82,0.0,IDLE
800270,0.82,0.0,IDLE
800280,0.82,0.0,IDLE
800290,0.83,0.0,IDLE
800300,0.83,0.0,IDLE
800310,0.83,0.0,IDLE
800320,0.83,0.0,IDLE
800330,0.83,0.0,IDLE
800340,0.83,0.0,IDLE
800350,0.83,0.0,IDLE
800360,0.83,0.0,IDLE
800370,0.83,0.0,IDLE
800380,0.82,0.0,IDLE
800390,0.82,0.0,IDLE
800400,0.82,0.0,IDLE
800410,0.82,0.0,IDLE
800420,0.82,0.0,IDLE
800430,0.82,0.0,IDLE
800440,0.82,0.0,IDLE
800450,0.82,0.0,IDLE
800460,0.82,0.0,IDLE
800470,0.82,0.0,IDLE
800480,0.82,0.0,IDLE
800490,0.82,0.0,IDLE
800500,0.82,0.0,IDLE
800510,0.82,0.0,IDLE
800520,0.82,0.0,IDLE
800530,0.82,0.0,IDLE
800540,0.82,0.0,IDLE
800550,0.82,0.0,IDLE
800560,0.82,0.0,IDLE
800570,0.82,0.0,IDLE
800580,0.82,0.0,IDLE
800590,0.82,0.0,IDLE
800600,0.83,0.0,IDLE
800610,0.83,0.0,IDLE
800620,0.83,0.0,IDLE
800630,0.83,0.0,IDLE
800640,0.83,0.0,IDLE
800650,0.83,0.0,IDLE
800660,0.82,0.0,IDLE
800670,0.82,0.0,IDLE
800680,0.82,0.0,IDLE
800690,0.82,0.0,IDLE
800700,0.82,0.0,IDLE
800710,0.82,0.0,IDLE
800720,0.82,0.0,IDLE
800730,0.82,0.0,IDLE
800740,0.82,0.0,IDLE
800750,0.82,0.0,IDLE
800760,0.83,0.0,IDLE
800770,0.83,0.0,IDLE
800780,0.83,0.0,IDLE
800790,0.83,0.0,IDLE
800800,0.83,0.0,IDLE
800810,0.82,0.0,IDLE
800820,0.82,0.0,IDLE
800830,0.82,0.0,IDLE
800840,0.82,0.0,IDLE
800850,0.82,0.0,IDLE
800860,0.82,0.0,IDLE
800870,0.82,0.0,IDLE
800880,0.82,0.0,IDLE
800890,0.82,0.0,IDLE
800900,0.82,0.0,IDLE
800910,0.82,0.0,IDLE
800920,0.82,0.0,IDLE
800930,0.83,0.0,IDLE
800940,0.83,0.0,IDLE
800950,0.83,0.0,IDLE
800960,0.83,0.0,IDLE
800970,0.82,0.0,IDLE
800980,0.82,0.0,IDLE
800990,0.82,0.0,IDLE
801000,0.82,0.0,IDLE
801010,0.82,0.0,IDLE
801020,0.82,0.0,IDLE
801030,0.82,0.0,IDLE
801040,0.82,0.0,IDLE
801050,0.82,0.0,IDLE
801060,0.83,0.0,IDLE
801070,0.83,0.0,IDLE
801080,0.83,0.0,IDLE
801090,0.83,0.0,IDLE
801100,0.83,0.0,IDLE
801110,0.83,0.0,IDLE
801120,0.82,0.0,IDLE
801130,0.82,0.0,IDLE
801140,0.82,0.0,IDLE
801150,0.82,0.0,IDLE
801160,0.82,0.0,IDLE
801170,0.82,0.0,IDLE
801180,0.82,0.0,IDLE
801190,0.82,0.0,IDLE
801200,0.82,0.0,IDLE
801210,0.82,0.0,IDLE
801220,0.82,0.0,IDLE
801230,0.82,0.0,IDLE
801240,0.82,0.0,IDLE
801250,0.82,0.0,IDLE
801260,0.82,0.0,IDLE
801270,0.82,0.0,IDLE
801280,0.82,0.0,IDLE
801290,0.82,0.0,IDLE
801300,0.82,0.0,IDLE
801310,0.82,0.0,IDLE
801320,0.82,0.0,IDLE
801330,0.82,0.0,IDLE
801340,0.82,0.0,IDLE
801350,0.82,0.0,IDLE
801360,0.82,0.0,IDLE
801370,0.82,0.0,IDLE
801380,0.82,0.0,IDLE
801390,0.82,0.0,IDLE
801400,0.83,0.0,IDLE
801410,0.83,0.0,IDLE
801420,0.82,0.0,IDLE
801430,0.82,0.0,IDLE
801440,0.82,0.0,IDLE
801450,0.82,0.0,IDLE
801460,0.82,0.0,IDLE
801470,0.82,0.0,IDLE
801480,0.82,0.0,IDLE
801490,0.82,0.0,IDLE
801500,0.82,0.0,IDLE
801510,0.82,0.0,IDLE
801520,0.82,0.0,IDLE
801530,0.82,0.0,IDLE
801540,0.82,0.0,IDLE
801550,0.82,0.0,IDLE
801560,0.82,0.0,IDLE
801570,0.82,0.0,IDLE
801580,0.82,0.0,IDLE
801590,0.82,0.0,IDLE
801600,0.82,0.0,IDLE
801610,0.82,0.0,IDLE
801620,0.82,0.0,IDLE
801630,0.82,0.0,IDLE
801640,0.82,0.0,IDLE
801650,0.82,0.0,IDLE
801660,0.82,0.0,IDLE
801670,0.82,0.0,IDLE
801680,0.82,0.0,IDLE
801690,0.82,0.0,IDLE
801700,0.83,0.0,IDLE
801710,0.83,0.0,IDLE
801720,0.82,0.0,IDLE
801730,0.82,0.0,IDLE
801740,0.82,0.0,IDLE
801750,0.82,0.0,IDLE
801760,0.82,0.0,IDLE
801770,0.82,0.0,IDLE
801780,0.82,0.0,IDLE
801790,0.82,0.0,IDLE
801800,0.82,0.0,IDLE
801810,0.82,0.0,IDLE
801820,0.82,0.0,IDLE
801830,0.82,0.0,IDLE
801840,0.82,0.0,IDLE
801850,0.82,0.0,IDLE
801860,0.82,0.0,IDLE
801870,0.83,0.0,IDLE
801880,0.83,0.0,IDLE
801890,0.83,0.0,IDLE
801900,0.83,0.0,IDLE
801910,0.83,0.0,IDLE
801920,0.82,0.0,IDLE
801930,0.82,0.0,IDLE
801940,0.82,0.0,IDLE
801950,0.82,0.0,IDLE
801960,0.82,0.0,IDLE
801970,0.83,0.0,IDLE
801980,0.83,0.0,IDLE
801990,0.83,0.0,IDLE
802000,0.83,0.0,IDLE
802010,0.83,0.0,IDLE
802020,0.83,0.0,IDLE
802030,0.83,0.0,IDLE
802040,0.83,0.0,IDLE
802050,0.83,0.0,IDLE
802060,0.82,0.0,IDLE
802070,0.82,0.0,IDLE
802080,0.82,0.0,IDLE
802090,0.82,0.0,IDLE
802100,0.82,0.0,IDLE
802110,0.82,0.0,IDLE
802120,0.82,0.0,IDLE
802130,0.82,0.0,IDLE
802140,0.82,0.0,IDLE
802150,0.82,0.0,IDLE
802160,0.82,0.0,IDLE
802170,0.82,0.0,IDLE
802180,0.82,0.0,IDLE
802190,0.82,0.0,IDLE
802200,0.82,0.0,IDLE
802210,0.83,0.0,IDLE
802220,0.83,0.0,IDLE
802230,0.83,0.0,IDLE
802240,0.83,0.0,IDLE
802250,0.83,0.0,IDLE
802260,0.82,0.0,IDLE
802270,0.82,0.0,IDLE
802280,0.82,0.0,IDLE
802290,0.83,0.0,IDLE
802300,0.82,0.0,IDLE
802310,0.82,0.0,IDLE
802320,0.83,0.0,IDLE
802330,0.83,0.0,IDLE
802340,0.83,0.0,IDLE
802350,0.83,0.0,IDLE
802360,0.83,0.0,IDLE
802370,0.83,0.0,IDLE
802380,0.83,0.0,IDLE
802390,0.83,0.0,IDLE
802400,0.83,0.0,IDLE
802410,0.82,0.0,IDLE
802420,0.82,0.0,IDLE
802430,0.82,0.0,IDLE
802440,0.82,0.0,IDLE
802450,0.82,0.0,IDLE
802460,0.82,0.0,IDLE
802470,0.82,0.0,IDLE
802480,0.82,0.0,IDLE
802490,0.82,0.0,IDLE
802500,0.82,0.0,IDLE
802510,0.82,0.0,IDLE
802520,0.82,0.0,IDLE
802530,0.82,0.0,IDLE
802540,0.82,0.0,IDLE
802550,0.82,0.0,IDLE
802560,0.82,0.0,IDLE
802570,0.82,0.0,IDLE
802580,0.82,0.0,IDLE
802590,0.82,0.0,IDLE
802600,0.82,0.0,IDLE
802610,0.82,0.0,IDLE
802620,0.82,0.0,IDLE
802630,0.82,0.0,IDLE
802640,0.82,0.0,IDLE
802650,0.82,0.0,IDLE
802660,0.82,0.0,IDLE
802670,0.82,0.0,IDLE
802680,0.82,0.0,IDLE
802690,0.82,0.0,IDLE
802700,0.82,0.0,IDLE
802710,0.82,0.0,IDLE
802720,0.82,0.0,IDLE
802730,0.82,0.0,IDLE
802740,0.82,0.0,IDLE
802750,0.82,0.0,IDLE
802760,0.82,0.0,IDLE
802770,0.82,0.0,IDLE
802780,0.82,0.0,IDLE
802790,0.82,0.0,IDLE
802800,0.82,0.0,IDLE
802810,0.82,0.0,IDLE
802820,0.82,0.0,IDLE
802830,0.82,0.0,IDLE
802840,0.82,0.0,IDLE
802850,0.82,0.0,IDLE
802860,0.82,0.0,IDLE
802870,0.82,0.0,IDLE
802880,0.82,0.0,IDLE
802890,0.82,0.0,IDLE
802900,0.82,0.0,IDLE
802910,0.82,0.0,IDLE
802920,0.82,0.0,IDLE
802930,0.82,0.0,IDLE
802940,0.82,0.0,IDLE
802950,0.82,0.0,IDLE
802960,0.82,0.0,IDLE
802970,0.82,0.0,IDLE
802980,0.82,0.0,IDLE
802990,0.82,0.0,IDLE
803000,0.82,0.0,IDLE
803010,0.82,0.0,IDLE
803020,0.82,0.0,IDLE
803030,0.82,0.0,IDLE
803040,0.82,0.0,IDLE
803050,0.82,0.0,IDLE
803060,0.82,0.0,IDLE
803070,0.82,0.0,IDLE
803080,0.82,0.0,IDLE
803090,0.82,0.0,IDLE
803100,0.82,0.0,IDLE
803110,0.82,0.0,IDLE
803120,0.82,0.0,IDLE
803130,0.82,0.0,IDLE
803140,0.82,0.0,IDLE
803150,0.82,0.0,IDLE
803160,0.82,0.0,IDLE
803170,0.82,0.0,IDLE
803180,0.82,0.0,IDLE
803190,0.82,0.0,IDLE
803200,0.82,0.0,IDLE
803210,0.82,0.0,IDLE
803220,0.82,0.0,IDLE
803230,0.81,0.0,IDLE
803240,0.81,0.0,IDLE
803250,0.81,0.0,IDLE
803260,0.81,0.0,IDLE
803270,0.81,0.0,IDLE
803280,0.81,0.0,IDLE
803290,0.81,0.0,IDLE
803300,0.82,0.0,IDLE
803310,0.82,0.0,IDLE
803320,0.82,0.0,IDLE
803330,0.82,0.0,IDLE
803340,0.81,0.0,IDLE
803350,0.81,0.0,IDLE
803360,0.81,0.0,IDLE
803370,0.80,0.0,IDLE
803380,0.80,0.0,IDLE
803390,0.80,0.0,IDLE
803400,0.80,0.0,IDLE
803410,0.80,0.0,IDLE
803420,0.80,0.0,IDLE
803430,0.81,0.0,IDLE
803440,0.81,0.0,IDLE
803450,0.82,0.0,IDLE
803460,0.82,0.0,IDLE
803470,0.82,0.0,IDLE
803480,0.82,0.0,IDLE
803490,0.81,0.0,IDLE
803500,0.81,0.0,IDLE
803510,0.81,0.0,IDLE
803520,0.80,0.0,IDLE
803530,0.80,0.0,IDLE
803540,0.80,0.0,IDLE
803550,0.80,0.0,IDLE
803560,0.80,0.0,IDLE
803570,0.80,0.0,IDLE
803580,0.81,0.0,IDLE
803590,0.81,0.0,IDLE
803600,0.82,0.0,IDLE
803610,0.82,0.0,IDLE
803620,0.82,0.0,IDLE
803630,0.82,0.0,IDLE
803640,0.82,0.0,IDLE
803650,0.81,0.0,IDLE
803660,0.81,0.0,IDLE
803670,0.81,0.0,IDLE
803680,0.80,0.0,IDLE
803690,0.80,0.0,IDLE
803700,0.80,0.0,IDLE
803710,0.80,0.0,IDLE
803720,0.80,0.0,IDLE
803730,0.81,0.0,IDLE
803740,0.81,0.0,IDLE
803750,0.81,0.0,IDLE
803760,0.81,0.0,IDLE
803770,0.81,0.0,IDLE
803780,0.81,0.0,IDLE
803790,0.81,0.0,IDLE
803800,0.81,0.0,IDLE
803810,0.81,0.0,IDLE
803820,0.81,0.0,IDLE
803830,0.80,0.0,IDLE
803840,0.80,0.0,IDLE
803850,0.80,0.0,IDLE
803860,0.80,10.0,MANUAL
803870,0.80,10.0,MANUAL
803880,0.80,10.0,MANUAL
803890,0.80,10.0,MANUAL
803900,0.81,10.0,MANUAL
803910,0.81,10.0,MANUAL
803920,0.81,10.0,MANUAL
803930,0.81,10.0,MANUAL
803940,0.81,10.0,MANUAL
803950,0.81,10.0,MANUAL
803960,0.80,10.0,MANUAL
803970,0.81,10.0,MANUAL
803980,0.81,10.0,MANUAL
803990,0.82,10.0,MANUAL
804000,0.82,10.0,MANUAL
804010,0.83,10.0,MANUAL
804020,0.84,10.0,MANUAL
804030,0.84,10.0,MANUAL
804040,0.85,10.0,MANUAL
804050,0.85,10.0,MANUAL
804060,0.85,10.0,MANUAL
804070,0.85,10.0,MANUAL
804080,0.86,10.0,MANUAL
804090,0.86,10.0,MANUAL
804100,0.86,10.0,MANUAL
804110,0.86,10.0,MANUAL
804120,0.86,10.0,MANUAL
804130,0.87,10.0,MANUAL
804140,0.87,10.0,MANUAL
804150,0.87,10.0,MANUAL
804160,0.87,10.0,MANUAL
804170,0.88,10.0,MANUAL
804180,0.88,10.0,MANUAL
804190,0.88,10.0,MANUAL
804200,0.87,10.0,MANUAL
804210,0.88,10.0,MANUAL
804220,0.89,10.0,MANUAL
804230,0.90,10.0,MANUAL
804240,0.89,10.0,MANUAL
804250,0.90,10.0,MANUAL
804260,0.92,10.0,MANUAL
804270,0.94,10.0,MANUAL
804280,0.94,10.0,MANUAL
804290,0.95,10.0,MANUAL
804300,0.97,10.0,MANUAL
804310,0.99,10.0,MANUAL
804320,1.00,10.0,MANUAL
804330,1.01,10.0,MANUAL
804340,1.02,10.0,MANUAL
804350,1.04,10.0,MANUAL
804360,1.05,10.0,MANUAL
804370,1.06,10.0,MANUAL
804380,1.08,10.0,MANUAL
804390,1.09,10.0,MANUAL
804400,1.10,10.0,MANUAL
804410,1.12,10.0,MANUAL
804420,1.14,10.0,MANUAL
804430,1.16,10.0,MANUAL
804440,1.17,10.0,MANUAL
804450,1.19,10.0,MANUAL
804460,1.22,10.0,MANUAL
804470,1.23,10.0,MANUAL
804480,1.23,10.0,MANUAL
804490,1.25,10.0,MANUAL
804500,1.28,10.0,MANUAL
804510,1.29,10.0,MANUAL
804520,1.30,10.0,MANUAL
804530,1.32,10.0,MANUAL
804540,1.33,10.0,MANUAL
804550,1.35,10.0,MANUAL
804560,1.37,10.0,MANUAL
804570,1.39,10.0,MANUAL
804580,1.40,10.0,MANUAL
804590,1.42,10.0,MANUAL
804600,1.45,10.0,MANUAL
804610,1.47,10.0,MANUAL
804620,1.49,10.0,MANUAL
804630,1.51,10.0,MANUAL
804640,1.53,10.0,MANUAL
804650,1.55,10.0,MANUAL
804660,1.57,10.0,MANUAL
804670,1.58,10.0,MANUAL
804680,1.60,10.0,MANUAL
804690,1.62,10.0,MANUAL
804700,1.64,10.0,MANUAL
804710,1.66,10.0,MANUAL
804720,1.69,10.0,MANUAL
804730,1.72,10.0,MANUAL
804740,1.74,10.0,MANUAL
804750,1.77,10.0,MANUAL
804760,1.80,10.0,MANUAL
804770,1.83,10.0,MANUAL
804780,1.86,10.0,MANUAL
804790,1.89,10.0,MANUAL
804800,1.92,10.0,MANUAL
804810,1.95,10.0,MANUAL
804820,1.99,10.0,MANUAL
804830,2.01,10.0,MANUAL
804840,2.05,10.0,MANUAL
804850,2.08,10.0,MANUAL
804860,2.12,10.0,MANUAL
804870,2.16,10.0,MANUAL
804880,2.20,10.0,MANUAL
804890,2.23,10.0,MANUAL
804900,2.27,10.0,MANUAL
804910,2.32,10.0,MANUAL
804920,2.35,10.0,MANUAL
804930,2.39,10.0,MANUAL
804940,2.43,10.0,MANUAL
804950,2.46,10.0,MANUAL
804960,2.50,10.0,MANUAL
804970,2.54,10.0,MANUAL
804980,2.57,10.0,MANUAL
804990,2.61,10.0,MANUAL
805000,2.64,10.0,MANUAL
805010,2.67,10.0,MANUAL
805020,2.71,10.0,MANUAL
805030,2.75,10.0,MANUAL
805040,2.78,10.0,MANUAL
805050,2.82,10.0,MANUAL
805060,2.86,10.0,MANUAL
805070,2.89,10.0,MANUAL
805080,2.93,10.0,MANUAL
805090,2.96,10.0,MANUAL
805100,2.99,10.0,MANUAL
805110,3.02,10.0,MANUAL
805120,3.05,10.0,MANUAL
805130,3.07,10.0,MANUAL
805140,3.10,10.0,MANUAL
805150,3.13,10.0,MANUAL
805160,3.15,10.0,MANUAL
805170,3.18,10.0,MANUAL
805180,3.20,10.0,MANUAL
805190,3.23,10.0,MANUAL
805200,3.25,10.0,MANUAL
805210,3.27,10.0,MANUAL
805220,3.29,10.0,MANUAL
805230,3.31,10.0,MANUAL
805240,3.33,10.0,MANUAL
805250,3.35,10.0,MANUAL
805260,3.36,10.0,MANUAL
805270,3.37,10.0,MANUAL
805280,3.39,10.0,MANUAL
805290,3.40,10.0,MANUAL
805300,3.41,10.0,MANUAL
805310,3.42,10.0,MANUAL
805320,3.43,10.0,MANUAL
805330,3.44,10.0,MANUAL
805340,3.45,10.0,MANUAL
805350,3.46,10.0,MANUAL
805360,3.47,10.0,MANUAL
805370,3.47,10.0,MANUAL
805380,3.47,10.0,MANUAL
805390,3.48,10.0,MANUAL
805400,3.48,10.0,MANUAL
805410,3.48,10.0,MANUAL
805420,3.49,10.0,MANUAL
805430,3.49,10.0,MANUAL
805440,3.49,10.0,MANUAL
805450,3.50,10.0,MANUAL
805460,3.50,10.0,MANUAL
805470,3.50,10.0,MANUAL
805480,3.51,10.0,MANUAL
805490,3.51,10.0,MANUAL
805500,3.51,10.0,MANUAL
805510,3.51,10.0,MANUAL
805520,3.51,10.0,MANUAL
805530,3.51,10.0,MANUAL
805540,3.52,10.0,MANUAL
805550,3.51,10.0,MANUAL
805560,3.52,10.0,MANUAL
805570,3.53,10.0,MANUAL
805580,3.53,10.0,MANUAL
805590,3.53,10.0,MANUAL
805600,3.54,10.0,MANUAL
805610,3.54,10.0,MANUAL
805620,3.54,10.0,MANUAL
805630,3.54,10.0,MANUAL
805640,3.54,10.0,MANUAL
805650,3.54,10.0,MANUAL
805660,3.54,10.0,MANUAL
805670,3.54,10.0,MANUAL
805680,3.55,10.0,MANUAL
805690,3.55,10.0,MANUAL
805700,3.57,10.0,MANUAL
805710,3.57,10.0,MANUAL
805720,3.58,10.0,MANUAL
805730,3.59,10.0,MANUAL
805740,3.59,10.0,MANUAL
805750,3.59,10.0,MANUAL
805760,3.59,10.0,MANUAL
805770,3.59,10.0,MANUAL
805780,3.59,10.0,MANUAL
805790,3.59,10.0,MANUAL
805800,3.58,10.0,MANUAL
805810,3.59,10.0,MANUAL
805820,3.59,10.0,MANUAL
805830,3.59,10.0,MANUAL
805840,3.60,10.0,MANUAL
805850,3.61,10.0,MANUAL
805860,3.61,10.0,MANUAL
805870,3.62,10.0,MANUAL
805880,3.62,10.0,MANUAL
805890,3.62,10.0,MANUAL
805900,3.63,10.0,MANUAL
805910,3.63,10.0,MANUAL
805920,3.63,10.0,MANUAL
805930,3.63,10.0,MANUAL
805940,3.63,10.0,MANUAL
805950,3.63,10.0,MANUAL
805960,3.63,10.0,MANUAL
805970,3.63,10.0,MANUAL
805980,3.64,10.0,MANUAL
805990,3.65,10.0,MANUAL
806000,3.65,10.0,MANUAL
806010,3.66,10.0,MANUAL
806020,3.66,10.0,MANUAL
806030,3.67,10.0,MANUAL
806040,3.67,10.0,MANUAL
806050,3.67,10.0,MANUAL
806060,3.67,10.0,MANUAL
806070,3.67,10.0,MANUAL
806080,3.66,10.0,MANUAL
806090,3.67,10.0,MANUAL
806100,3.67,10.0,MANUAL
806110,3.67,10.0,MANUAL
806120,3.68,10.0,MANUAL
806130,3.68,10.0,MANUAL
806140,3.69,10.0,MANUAL
806150,3.69,10.0,MANUAL
806160,3.70,10.0,MANUAL
806170,3.70,10.0,MANUAL
806180,3.70,10.0,MANUAL
806190,3.70,10.0,MANUAL
806200,3.70,10.0,MANUAL
806210,3.71,10.0,MANUAL
806220,3.70,10.0,MANUAL
806230,3.71,10.0,MANUAL
806240,3.71,10.0,MANUAL
806250,3.71,10.0,MANUAL
806260,3.72,10.0,MANUAL
806270,3.72,10.0,MANUAL
806280,3.72,10.0,MANUAL
806290,3.72,10.0,MANUAL
806300,3.72,10.0,MANUAL
806310,3.72,10.0,MANUAL
806320,3.73,10.0,MANUAL
806330,3.73,10.0,MANUAL
806340,3.73,10.0,MANUAL
806350,3.74,10.0,MANUAL
806360,3.74,10.0,MANUAL
806370,3.75,10.0,MANUAL
806380,3.75,10.0,MANUAL
806390,3.75,10.0,MANUAL
806400,3.75,10.0,MANUAL
806410,3.75,10.0,MANUAL
806420,3.75,10.0,MANUAL
806430,3.75,10.0,MANUAL
806440,3.75,10.0,MANUAL
806450,3.75,10.0,MANUAL
806460,3.76,10.0,MANUAL
806470,3.76,10.0,MANUAL
806480,3.77,10.0,MANUAL
806490,3.77,10.0,MANUAL
806500,3.77,10.0,MANUAL
806510,3.78,10.0,MANUAL
806520,3.78,10.0,MANUAL
806530,3.78,10.0,MANUAL
806540,3.78,10.0,MANUAL
806550,3.78,10.0,MANUAL
806560,3.78,10.0,MANUAL
806570,3.78,10.0,MANUAL
806580,3.78,10.0,MANUAL
806590,3.78,10.0,MANUAL
806600,3.79,10.0,MANUAL
806610,3.78,10.0,MANUAL
806620,3.79,10.0,MANUAL
806630,3.79,10.0,MANUAL
806640,3.79,10.0,MANUAL
806650,3.79,10.0,MANUAL
806660,3.79,10.0,MANUAL
806670,3.80,10.0,MANUAL
806680,3.80,10.0,MANUAL
806690,3.80,10.0,MANUAL
806700,3.80,10.0,MANUAL
806710,3.81,10.0,MANUAL
806720,3.81,10.0,MANUAL
806730,3.81,10.0,MANUAL
806740,3.81,10.0,MANUAL
806750,3.81,10.0,MANUAL
806760,3.81,10.0,MANUAL
806770,3.81,10.0,MANUAL
806780,3.81,10.0,MANUAL
806790,3.81,10.0,MANUAL
806800,3.81,10.0,MANUAL
806810,3.81,10.0,MANUAL
806820,3.81,10.0,MANUAL
806830,3.82,10.0,MANUAL
806840,3.83,10.0,MANUAL
806850,3.83,10.0,MANUAL
806860,3.84,10.0,MANUAL
806870,3.84,10.0,MANUAL
806880,3.84,10.0,MANUAL
806890,3.84,10.0,MANUAL
806900,3.84,10.0,MANUAL
806910,3.84,10.0,MANUAL
806920,3.83,10.0,MANUAL
806930,3.83,10.0,MANUAL
806940,3.83,10.0,MANUAL
806950,3.83,10.0,MANUAL
806960,3.84,10.0,MANUAL
806970,3.84,10.0,MANUAL
806980,3.85,10.0,MANUAL
806990,3.86,10.0,MANUAL
807000,3.86,10.0,MANUAL
807010,3.87,10.0,MANUAL
807020,3.87,10.0,MANUAL
807030,3.87,10.0,MANUAL
807040,3.87,10.0,MANUAL
807050,3.87,10.0,MANUAL
807060,3.87,10.0,MANUAL
807070,3.87,10.0,MANUAL
807080,3.87,10.0,MANUAL
807090,3.87,10.0,MANUAL
807100,3.87,10.0,MANUAL
807110,3.87,10.0,MANUAL
807120,3.88,10.0,MANUAL
807130,3.88,10.0,MANUAL
807140,3.88,10.0,MANUAL
807150,3.89,10.0,MANUAL
807160,3.89,10.0,MANUAL
807170,3.90,10.0,MANUAL
807180,3.90,10.0,MANUAL
807190,3.90,10.0,MANUAL
807200,3.90,10.0,MANUAL
807210,3.91,10.0,MANUAL
807220,3.90,10.0,MANUAL
807230,3.90,10.0,MANUAL
807240,3.90,10.0,MANUAL
807250,3.89,10.0,MANUAL
807260,3.89,10.0,MANUAL
807270,3.89,10.0,MANUAL
807280,3.89,10.0,MANUAL
807290,3.89,10.0,MANUAL
807300,3.90,10.0,MANUAL
807310,3.91,10.0,MANUAL
807320,3.92,10.0,MANUAL
807330,3.92,10.0,MANUAL
807340,3.93,10.0,MANUAL
807350,3.93,10.0,MANUAL
807360,3.93,10.0,MANUAL
807370,3.94,0.0,MANUAL
807380,3.93,0.0,MANUAL
807390,3.92,0.0,MANUAL
807400,3.91,0.0,MANUAL
807410,3.90,0.0,MANUAL
807420,3.90,0.0,MANUAL
807430,3.90,0.0,MANUAL
807440,3.90,0.0,MANUAL
807450,3.89,0.0,MANUAL
807460,3.89,0.0,MANUAL
807470,3.89,0.0,MANUAL
807480,3.89,0.0,MANUAL
807490,3.88,0.0,MANUAL
807500,3.87,0.0,MANUAL
807510,3.85,0.0,MANUAL
807520,3.84,0.0,MANUAL
807530,3.81,0.0,MANUAL
807540,3.79,0.0,MANUAL
807550,3.77,0.0,MANUAL
807560,3.74,0.0,MANUAL
807570,3.70,0.0,MANUAL
807580,3.67,0.0,MANUAL
807590,3.65,0.0,MANUAL
807600,3.63,0.0,MANUAL
807610,3.59,0.0,MANUAL
807620,3.57,0.0,MANUAL
807630,3.55,0.0,MANUAL
807640,3.50,0.0,MANUAL
807650,3.45,0.0,MANUAL
807660,3.41,0.0,MANUAL
807670,3.37,0.0,MANUAL
807680,3.32,0.0,MANUAL
807690,3.26,0.0,MANUAL
807700,3.21,0.0,MANUAL
807710,3.15,0.0,MANUAL
807720,3.10,0.0,MANUAL
807730,3.05,0.0,MANUAL
807740,2.99,0.0,MANUAL
807750,2.93,0.0,MANUAL
807760,2.87,0.0,MANUAL
807770,2.82,0.0,MANUAL
807780,2.76,0.0,MANUAL
807790,2.70,0.0,MANUAL
807800,2.63,0.0,MANUAL
807810,2.56,0.0,MANUAL
807820,2.50,0.0,MANUAL
807830,2.43,0.0,MANUAL
807840,2.35,0.0,MANUAL
807850,2.29,0.0,MANUAL
807860,2.22,0.0,MANUAL
807870,2.15,0.0,MANUAL
807880,2.08,0.0,MANUAL
807890,2.01,0.0,MANUAL
807900,1.94,0.0,MANUAL
807910,1.88,0.0,MANUAL
807920,1.81,0.0,MANUAL
807930,1.74,0.0,MANUAL
807940,1.68,0.0,MANUAL
807950,1.62,0.0,MANUAL
807960,1.56,0.0,MANUAL
807970,1.50,0.0,MANUAL
807980,1.44,0.0,MANUAL
807990,1.39,0.0,MANUAL
808000,1.34,0.0,MANUAL
808010,1.29,0.0,MANUAL
808020,1.24,0.0,MANUAL
808030,1.19,0.0,MANUAL
808040,1.15,0.0,MANUAL
808050,1.11,0.0,MANUAL
808060,1.08,0.0,MANUAL
808070,1.05,0.0,MANUAL
808080,1.02,0.0,MANUAL
808090,1.00,0.0,MANUAL
808100,0.98,0.0,MANUAL
808110,0.97,0.0,MANUAL
808120,0.96,0.0,MANUAL
808130,0.95,0.0,MANUAL
808140,0.95,0.0,MANUAL
808150,0.95,0.0,MANUAL
808160,0.96,0.0,MANUAL
808170,0.96,0.0,MANUAL
808180,0.96,0.0,MANUAL
808190,0.97,0.0,MANUAL
808200,0.98,0.0,MANUAL
808210,0.98,0.0,MANUAL
808220,0.99,0.0,MANUAL
808230,1.00,0.0,MANUAL
808240,1.00,0.0,MANUAL
808250,1.01,0.0,MANUAL
808260,1.01,0.0,MANUAL
808270,1.01,0.0,MANUAL
808280,1.02,0.0,MANUAL
808290,1.01,0.0,MANUAL
808300,1.01,0.0,MANUAL
808310,1.01,0.0,MANUAL
808320,1.01,0.0,MANUAL
808330,1.00,0.0,MANUAL
808340,1.00,0.0,MANUAL
808350,1.00,0.0,MANUAL
808360,0.99,0.0,MANUAL
808370,0.99,0.0,MANUAL
808380,0.99,0.0,MANUAL
808390,0.99,0.0,MANUAL
808400,0.99,0.0,MANUAL
808410,0.99,0.0,MANUAL
808420,1.00,0.0,MANUAL
808430,1.00,0.0,MANUAL
808440,1.00,0.0,MANUAL
808450,1.00,0.0,MANUAL
808460,1.00,0.0,MANUAL
808470,1.00,0.0,MANUAL
808480,1.00,0.0,MANUAL
808490,1.00,0.0,MANUAL
808500,1.00,0.0,MANUAL
808510,0.99,0.0,MANUAL
808520,0.99,0.0,MANUAL
808530,0.99,0.0,MANUAL
808540,0.99,0.0,MANUAL
808550,0.99,0.0,MANUAL
808560,0.99,0.0,MANUAL
808570,0.99,0.0,MANUAL
808580,0.99,0.0,MANUAL
808590,1.00,0.0,MANUAL
808600,1.00,0.0,MANUAL
808610,1.00,0.0,MANUAL
808620,1.00,0.0,MANUAL
808630,1.00,0.0,MANUAL
808640,0.99,0.0,MANUAL
808650,0.99,0.0,MANUAL
808660,0.99,0.0,MANUAL
808670,0.99,0.0,MANUAL
808680,0.98,0.0,MANUAL
808690,0.98,0.0,MANUAL
808700,0.98,0.0,MANUAL
808710,0.98,0.0,MANUAL
808720,0.98,0.0,MANUAL
808730,0.99,0.0,MANUAL
808740,0.99,0.0,MANUAL
808750,0.99,0.0,MANUAL
808760,0.99,0.0,MANUAL
808770,0.99,0.0,MANUAL
808780,0.98,0.0,MANUAL
808790,0.98,0.0,MANUAL
808800,0.98,0.0,MANUAL
808810,0.98,0.0,MANUAL
808820,0.98,0.0,MANUAL
808830,0.98,0.0,MANUAL
808840,0.98,0.0,MANUAL
808850,0.98,0.0,MANUAL
808860,0.98,0.0,MANUAL
808870,0.99,0.0,MANUAL
808880,0.99,0.0,MANUAL
808890,0.99,0.0,MANUAL
808900,0.99,0.0,MANUAL
808910,0.99,0.0,MANUAL
808920,0.99,0.0,MANUAL
808930,0.98,0.0,MANUAL
808940,0.98,0.0,MANUAL
808950,0.98,0.0,MANUAL
808960,0.98,0.0,MANUAL
808970,0.98,0.0,MANUAL
808980,0.98,0.0,MANUAL
808990,0.98,0.0,MANUAL
809000,0.98,0.0,MANUAL
809010,0.98,0.0,MANUAL
809020,0.98,0.0,MANUAL
809030,0.98,0.0,MANUAL
809040,0.98,0.0,MANUAL
809050,0.98,0.0,MANUAL
809060,0.98,0.0,MANUAL
809070,0.98,0.0,MANUAL
809080,0.98,0.0,MANUAL
809090,0.98,0.0,MANUAL
809100,0.98,0.0,MANUAL
809110,0.98,0.0,MANUAL
809120,0.97,0.0,MANUAL
809130,0.97,0.0,MANUAL
809140,0.97,0.0,MANUAL
809150,0.97,0.0,MANUAL
809160,0.97,0.0,MANUAL
809170,0.97,0.0,MANUAL
809180,0.97,0.0,MANUAL
809190,0.98,0.0,MANUAL
809200,0.98,0.0,MANUAL
809210,0.98,0.0,MANUAL
809220,0.98,0.0,MANUAL
809230,0.98,0.0,MANUAL
809240,0.98,0.0,MANUAL
809250,0.98,0.0,MANUAL
809260,0.97,0.0,MANUAL
809270,0.97,0.0,MANUAL
809280,0.97,0.0,MANUAL
809290,0.97,0.0,MANUAL
809300,0.97,0.0,MANUAL
809310,0.97,0.0,MANUAL
809320,0.97,0.0,MANUAL
809330,0.97,0.0,MANUAL
809340,0.97,0.0,MANUAL
809350,0.97,0.0,MANUAL
809360,0.97,0.0,MANUAL
809370,0.97,0.0,MANUAL
809380,0.97,0.0,MANUAL
809390,0.97,0.0,MANUAL
809400,0.97,0.0,MANUAL
809410,0.98,0.0,MANUAL
809420,0.97,0.0,MANUAL
809430,0.97,0.0,MANUAL
809440,0.97,0.0,MANUAL
809450,0.97,0.0,MANUAL
809460,0.97,0.0,MANUAL
809470,0.97,0.0,MANUAL
809480,0.97,0.0,MANUAL
809490,0.97,0.0,MANUAL
809500,0.97,0.0,MANUAL
809510,0.97,0.0,MANUAL
809520,0.97,0.0,MANUAL
809530,0.97,0.0,MANUAL
809540,0.97,0.0,MANUAL
809550,0.97,0.0,MANUAL
809560,0.97,0.0,MANUAL
809570,0.97,0.0,MANUAL
809580,0.96,0.0,MANUAL
809590,0.96,0.0,MANUAL
809600,0.96,0.0,MANUAL
809610,0.96,0.0,MANUAL
809620,0.97,0.0,MANUAL
809630,0.97,0.0,MANUAL
809640,0.97,0.0,MANUAL
809650,0.97,0.0,MANUAL
809660,0.97,0.0,MANUAL
809670,0.97,0.0,MANUAL
809680,0.97,0.0,MANUAL
809690,0.96,0.0,MANUAL
809700,0.96,0.0,MANUAL
809710,0.96,0.0,MANUAL
809720,0.96,0.0,MANUAL
809730,0.96,0.0,MANUAL
809740,0.96,0.0,MANUAL
809750,0.96,0.0,MANUAL
809760,0.96,0.0,MANUAL
809770,0.97,0.0,MANUAL
809780,0.97,0.0,MANUAL
809790,0.97,0.0,MANUAL
809800,0.97,0.0,MANUAL
809810,0.96,0.0,MANUAL
809820,0.96,0.0,MANUAL
809830,0.96,0.0,MANUAL
809840,0.96,0.0,MANUAL
809850,0.96,0.0,MANUAL
809860,0.96,0.0,MANUAL
809870,0.96,0.0,MANUAL
809880,0.96,0.0,MANUAL
809890,0.97,0.0,MANUAL
809900,0.97,0.0,MANUAL
809910,0.97,0.0,MANUAL
809920,0.97,0.0,MANUAL
809930,0.96,0.0,MANUAL
809940,0.96,0.0,MANUAL
809950,0.95,0.0,MANUAL
809960,0.95,0.0,MANUAL
809970,0.95,0.0,MANUAL
809980,0.95,0.0,MANUAL
809990,0.96,0.0,MANUAL
810000,0.96,0.0,MANUAL
810010,0.97,0.0,MANUAL
810020,0.97,0.0,MANUAL
810030,0.97,0.0,MANUAL
810040,0.97,0.0,MANUAL
810050,0.96,0.0,MANUAL
810060,0.96,0.0,MANUAL
810070,0.95,0.0,MANUAL
810080,0.95,0.0,MANUAL
810090,0.94,0.0,MANUAL
810100,0.95,0.0,MANUAL
810110,0.95,0.0,MANUAL
810120,0.96,0.0,MANUAL
810130,0.97,0.0,MANUAL
810140,0.97,0.0,MANUAL
810150,0.97,0.0,MANUAL
810160,0.97,0.0,MANUAL
810170,0.97,0.0,MANUAL
810180,0.96,0.0,MANUAL
810190,0.96,0.0,MANUAL
810200,0.95,0.0,MANUAL
810210,0.95,0.0,MANUAL
810220,0.95,0.0,MANUAL
810230,0.95,0.0,MANUAL
810240,0.95,0.0,MANUAL
810250,0.95,0.0,MANUAL
810260,0.96,0.0,MANUAL
810270,0.96,0.0,MANUAL
810280,0.96,0.0,MANUAL
810290,0.96,0.0,MANUAL
810300,0.96,0.0,MANUAL
810310,0.95,0.0,MANUAL
810320,0.94,0.0,MANUAL
810330,0.94,0.0,MANUAL
810340,0.94,0.0,MANUAL
810350,0.94,0.0,MANUAL
810360,0.94,0.0,MANUAL
810370,0.95,0.0,MANUAL
810380,0.96,0.0,MANUAL
810390,0.96,0.0,MANUAL
810400,0.96,0.0,MANUAL
810410,0.96,0.0,MANUAL
810420,0.95,0.0,MANUAL
810430,0.95,0.0,MANUAL
810440,0.94,0.0,MANUAL
810450,0.94,0.0,MANUAL
810460,0.94,0.0,MANUAL
810470,0.94,0.0,MANUAL
810480,0.94,0.0,MANUAL
810490,0.95,0.0,MANUAL
810500,0.95,0.0,MANUAL
810510,0.96,0.0,MANUAL
810520,0.96,0.0,MANUAL
810530,0.96,0.0,MANUAL
810540,0.95,0.0,MANUAL
810550,0.95,0.0,MANUAL
810560,0.94,0.0,MANUAL
810570,0.94,0.0,MANUAL
810580,0.93,0.0,MANUAL
810590,0.93,0.0,MANUAL
810600,0.93,0.0,MANUAL
810610,0.94,0.0,MANUAL
810620,0.95,0.0,MANUAL
810630,0.95,0.0,MANUAL
810640,0.96,0.0,MANUAL
810650,0.96,0.0,MANUAL
810660,0.96,0.0,MANUAL
810670,0.96,0.0,MANUAL
810680,0.95,0.0,MANUAL
810690,0.95,0.0,MANUAL
810700,0.94,0.0,MANUAL
810710,0.94,0.0,MANUAL
810720,0.94,0.0,MANUAL
810730,0.94,0.0,MANUAL
810740,0.94,0.0,MANUAL
810750,0.94,0.0,MANUAL
810760,0.94,0.0,MANUAL
810770,0.94,0.0,MANUAL
810780,0.94,10.0,MANUAL
810790,0.94,10.0,MANUAL
810800,0.94,10.0,MANUAL
810810,0.94,10.0,MANUAL
810820,0.94,10.0,MANUAL
810830,0.94,10.0,MANUAL
810840,0.94,10.0,MANUAL
810850,0.94,10.0,MANUAL
810860,0.95,10.0,MANUAL
810870,0.95,10.0,MANUAL
810880,0.94,10.0,MANUAL
810890,0.94,10.0,MANUAL
810900,0.94,10.0,MANUAL
810910,0.93,10.0,MANUAL
810920,0.93,10.0,MANUAL
810930,0.94,10.0,MANUAL
810940,0.93,10.0,MANUAL
810950,0.93,10.0,MANUAL
810960,0.94,10.0,MANUAL
810970,0.95,10.0,MANUAL
810980,0.96,10.0,MANUAL
810990,0.97,10.0,MANUAL
811000,0.97,10.0,MANUAL
811010,0.98,10.0,MANUAL
811020,0.99,10.0,MANUAL
811030,0.98,10.0,MANUAL
811040,0.98,10.0,MANUAL
811050,0.99,10.0,MANUAL
811060,0.99,10.0,MANUAL
811070,1.00,10.0,MANUAL
811080,1.01,10.0,MANUAL
811090,1.01,10.0,MANUAL
811100,1.02,10.0,MANUAL
811110,1.04,10.0,MANUAL
811120,1.05,10.0,MANUAL
811130,1.05,10.0,MANUAL
811140,1.05,10.0,MANUAL
811150,1.07,10.0,MANUAL
811160,1.08,10.0,MANUAL
811170,1.08,10.0,MANUAL
811180,1.07,10.0,MANUAL
811190,1.07,10.0,MANUAL
811200,1.09,10.0,MANUAL
811210,1.10,10.0,MANUAL
811220,1.10,10.0,MANUAL
811230,1.10,10.0,MANUAL
811240,1.12,10.0,MANUAL
811250,1.14,10.0,MANUAL
811260,1.15,10.0,MANUAL
811270,1.15,10.0,MANUAL
811280,1.17,10.0,MANUAL
811290,1.19,10.0,MANUAL
811300,1.20,10.0,MANUAL
811310,1.20,10.0,MANUAL
811320,1.22,10.0,MANUAL
811330,1.24,10.0,MANUAL
811340,1.25,10.0,MANUAL
811350,1.26,10.0,MANUAL
811360,1.28,10.0,MANUAL
811370,1.30,10.0,MANUAL
811380,1.31,10.0,MANUAL
811390,1.32,10.0,MANUAL
811400,1.34,10.0,MANUAL
811410,1.36,10.0,MANUAL
811420,1.36,10.0,MANUAL
811430,1.38,10.0,MANUAL
811440,1.41,10.0,MANUAL
811450,1.43,10.0,MANUAL
811460,1.43,10.0,MANUAL
811470,1.46,10.0,MANUAL
811480,1.49,10.0,MANUAL
811490,1.51,10.0,MANUAL
811500,1.52,10.0,MANUAL
811510,1.55,10.0,MANUAL
811520,1.56,10.0,MANUAL
811530,1.58,10.0,MANUAL
811540,1.61,10.0,MANUAL
811550,1.62,10.0,MANUAL
811560,1.64,10.0,MANUAL
811570,1.67,10.0,MANUAL
811580,1.70,10.0,MANUAL
811590,1.72,10.0,MANUAL
811600,1.74,10.0,MANUAL
811610,1.77,10.0,MANUAL
811620,1.79,10.0,MANUAL
811630,1.82,10.0,MANUAL
811640,1.84,10.0,MANUAL
811650,1.87,10.0,MANUAL
811660,1.89,10.0,MANUAL
811670,1.92,10.0,MANUAL
811680,1.95,10.0,MANUAL
811690,1.97,10.0,MANUAL
811700,2.00,10.0,MANUAL
811710,2.03,10.0,MANUAL
811720,2.06,10.0,MANUAL
811730,2.09,10.0,MANUAL
811740,2.13,10.0,MANUAL
811750,2.15,10.0,MANUAL
811760,2.19,10.0,MANUAL
811770,2.22,10.0,MANUAL
811780,2.25,10.0,MANUAL
811790,2.29,10.0,MANUAL
811800,2.32,10.0,MANUAL
811810,2.35,10.0,MANUAL
811820,2.39,10.0,MANUAL
811830,2.42,10.0,MANUAL
811840,2.45,10.0,MANUAL
811850,2.49,10.0,MANUAL
811860,2.52,10.0,MANUAL
811870,2.55,10.0,MANUAL
811880,2.58,10.0,MANUAL
811890,2.61,10.0,MANUAL
811900,2.64,10.0,MANUAL
811910,2.67,10.0,MANUAL
811920,2.71,10.0,MANUAL
811930,2.73,10.0,MANUAL
811940,2.77,10.0,MANUAL
811950,2.81,10.0,MANUAL
811960,2.83,10.0,MANUAL
811970,2.87,10.0,MANUAL
811980,2.89,10.0,MANUAL
811990,2.92,10.0,MANUAL
812000,2.94,10.0,MANUAL
812010,2.97,10.0,MANUAL
812020,2.99,10.0,MANUAL
812030,3.01,10.0,MANUAL
812040,3.04,10.0,MANUAL
812050,3.06,10.0,MANUAL
812060,3.09,10.0,MANUAL
812070,3.11,10.0,MANUAL
812080,3.13,10.0,MANUAL
812090,3.16,10.0,MANUAL
812100,3.18,10.0,MANUAL
812110,3.20,10.0,MANUAL
812120,3.22,10.0,MANUAL
812130,3.23,10.0,MANUAL
812140,3.25,10.0,MANUAL
812150,3.26,10.0,MANUAL
812160,3.27,10.0,MANUAL
812170,3.29,10.0,MANUAL
812180,3.31,10.0,MANUAL
812190,3.32,10.0,MANUAL
812200,3.34,10.0,MANUAL
812210,3.35,10.0,MANUAL
812220,3.36,10.0,MANUAL
812230,3.38,10.0,MANUAL
812240,3.38,10.0,MANUAL
812250,3.39,10.0,MANUAL
812260,3.40,10.0,MANUAL
812270,3.40,10.0,MANUAL
812280,3.41,10.0,MANUAL
812290,3.42,10.0,MANUAL
812300,3.43,10.0,MANUAL
812310,3.44,10.0,MANUAL
812320,3.45,10.0,MANUAL
812330,3.45,10.0,MANUAL
812340,3.45,10.0,MANUAL
812350,3.46,10.0,MANUAL
812360,3.46,10.0,MANUAL
812370,3.46,10.0,MANUAL
812380,3.47,10.0,MANUAL
812390,3.47,10.0,MANUAL
812400,3.48,10.0,MANUAL
812410,3.48,10.0,MANUAL
812420,3.49,10.0,MANUAL
812430,3.49,10.0,MANUAL
812440,3.50,10.0,MANUAL
812450,3.50,10.0,MANUAL
812460,3.50,10.0,MANUAL
812470,3.50,10.0,MANUAL
812480,3.50,10.0,MANUAL
812490,3.50,10.0,MANUAL
812500,3.50,10.0,MANUAL
812510,3.50,10.0,MANUAL
812520,3.51,10.0,MANUAL
812530,3.51,10.0,MANUAL
812540,3.52,10.0,MANUAL
812550,3.53,10.0,MANUAL
812560,3.53,10.0,MANUAL
812570,3.54,10.0,MANUAL
812580,3.55,10.0,MANUAL
812590,3.54,10.0,MANUAL
812600,3.55,10.0,MANUAL
812610,3.55,10.0,MANUAL
812620,3.55,10.0,MANUAL
812630,3.55,10.0,MANUAL
812640,3.55,10.0,MANUAL
812650,3.55,10.0,MANUAL
812660,3.56,10.0,MANUAL
812670,3.56,10.0,MANUAL
812680,3.56,10.0,MANUAL
812690,3.57,10.0,MANUAL
812700,3.57,10.0,MANUAL
812710,3.58,10.0,MANUAL
812720,3.58,10.0,MANUAL
812730,3.58,10.0,MANUAL
812740,3.59,10.0,MANUAL
812750,3.59,10.0,MANUAL
812760,3.59,10.0,MANUAL
812770,3.60,10.0,MANUAL
812780,3.60,10.0,MANUAL
812790,3.60,10.0,MANUAL
812800,3.60,10.0,MANUAL
812810,3.60,10.0,MANUAL
812820,3.60,10.0,MANUAL
812830,3.61,10.0,MANUAL
812840,3.61,10.0,MANUAL
812850,3.61,10.0,MANUAL
812860,3.62,10.0,MANUAL
812870,3.62,10.0,MANUAL
812880,3.63,10.0,MANUAL
812890,3.64,10.0,MANUAL
812900,3.64,10.0,MANUAL
812910,3.64,10.0,MANUAL
812920,3.65,10.0,MANUAL
812930,3.65,10.0,MANUAL
812940,3.65,10.0,MANUAL
812950,3.64,10.0,MANUAL
812960,3.64,10.0,MANUAL
812970,3.64,10.0,MANUAL
812980,3.64,10.0,MANUAL
812990,3.64,10.0,MANUAL
813000,3.65,10.0,MANUAL
813010,3.65,10.0,MANUAL
813020,3.66,10.0,MANUAL
813030,3.67,10.0,MANUAL
813040,3.68,10.0,MANUAL
813050,3.69,10.0,MANUAL
813060,3.70,10.0,MANUAL
813070,3.71,10.0,MANUAL
813080,3.71,10.0,MANUAL
813090,3.70,10.0,MANUAL
813100,3.70,10.0,MANUAL
813110,3.69,10.0,MANUAL
813120,3.68,10.0,MANUAL
813130,3.68,10.0,MANUAL
813140,3.67,10.0,MANUAL
813150,3.67,10.0,MANUAL
813160,3.68,10.0,MANUAL
813170,3.69,10.0,MANUAL
813180,3.70,10.0,MANUAL
813190,3.72,10.0,MANUAL
813200,3.73,10.0,MANUAL
813210,3.74,10.0,MANUAL
813220,3.74,10.0,MANUAL
813230,3.74,10.0,MANUAL
813240,3.74,10.0,MANUAL
813250,3.73,10.0,MANUAL
813260,3.72,10.0,MANUAL
813270,3.72,10.0,MANUAL
813280,3.71,10.0,MANUAL
813290,3.71,10.0,MANUAL
813300,3.71,10.0,MANUAL
813310,3.72,10.0,MANUAL
813320,3.72,10.0,MANUAL
813330,3.73,10.0,MANUAL
813340,3.74,10.0,MANUAL
813350,3.75,10.0,MANUAL
813360,3.76,10.0,MANUAL
813370,3.76,10.0,MANUAL
813380,3.76,10.0,MANUAL
813390,3.76,10.0,MANUAL
813400,3.76,10.0,MANUAL
813410,3.76,10.0,MANUAL
813420,3.75,10.0,MANUAL
813430,3.75,10.0,MANUAL
813440,3.75,10.0,MANUAL
813450,3.75,10.0,MANUAL
813460,3.75,10.0,MANUAL
813470,3.76,10.0,MANUAL
813480,3.76,10.0,MANUAL
813490,3.77,10.0,MANUAL
813500,3.78,10.0,MANUAL
813510,3.78,10.0,MANUAL
813520,3.79,10.0,MANUAL
813530,3.79,10.0,MANUAL
813540,3.79,10.0,MANUAL
813550,3.80,10.0,MANUAL
813560,3.79,10.0,MANUAL
813570,3.79,10.0,MANUAL
813580,3.79,10.0,MANUAL
813590,3.78,10.0,MANUAL
813600,3.78,10.0,MANUAL
813610,3.78,10.0,MANUAL
813620,3.78,10.0,MANUAL
813630,3.78,10.0,MANUAL
813640,3.79,10.0,MANUAL
813650,3.79,10.0,MANUAL
813660,3.81,10.0,MANUAL
813670,3.81,10.0,MANUAL
813680,3.81,10.0,MANUAL
813690,3.82,10.0,MANUAL
813700,3.82,10.0,MANUAL
813710,3.82,10.0,MANUAL
813720,3.82,10.0,MANUAL
813730,3.81,10.0,MANUAL
813740,3.80,10.0,MANUAL
813750,3.80,10.0,MANUAL
813760,3.80,10.0,MANUAL
813770,3.80,10.0,MANUAL
813780,3.81,10.0,MANUAL
813790,3.81,10.0,MANUAL
813800,3.82,10.0,MANUAL
813810,3.83,10.0,MANUAL
813820,3.83,10.0,MANUAL
813830,3.84,10.0,MANUAL
813840,3.84,10.0,MANUAL
813850,3.84,10.0,MANUAL
813860,3.84,10.0,MANUAL
813870,3.84,10.0,MANUAL
813880,3.83,10.0,MANUAL
813890,3.83,10.0,MANUAL
813900,3.83,10.0,MANUAL
813910,3.83,10.0,MANUAL
813920,3.83,10.0,MANUAL
813930,3.83,10.0,MANUAL
813940,3.84,10.0,MANUAL
813950,3.84,10.0,MANUAL
813960,3.84,10.0,MANUAL
813970,3.85,10.0,MANUAL
813980,3.85,10.0,MANUAL
813990,3.86,10.0,MANUAL
814000,3.86,10.0,MANUAL
814010,3.86,10.0,MANUAL
814020,3.86,10.0,MANUAL
814030,3.86,10.0,MANUAL
814040,3.85,10.0,MANUAL
814050,3.85,10.0,MANUAL
814060,3.85,10.0,MANUAL
814070,3.85,10.0,MANUAL
814080,3.85,10.0,MANUAL
814090,3.85,10.0,MANUAL
814100,3.85,10.0,MANUAL
814110,3.86,0.0,IDLE
814120,3.87,0.0,IDLE
814130,3.87,0.0,IDLE
814140,3.88,0.0,IDLE
814150,3.88,0.0,IDLE
814160,3.87,0.0,IDLE
814170,3.87,0.0,IDLE
814180,3.86,0.0,IDLE
814190,3.85,0.0,IDLE
814200,3.84,0.0,IDLE
814210,3.83,0.0,IDLE
814220,3.82,0.0,IDLE
814230,3.81,0.0,IDLE
814240,3.79,0.0,IDLE
814250,3.78,0.0,IDLE
814260,3.77,0.0,IDLE
814270,3.75,0.0,IDLE
814280,3.74,0.0,IDLE
814290,3.73,0.0,IDLE
814300,3.71,0.0,IDLE
814310,3.68,0.0,IDLE
814320,3.65,0.0,IDLE
814330,3.62,0.0,IDLE
814340,3.59,0.0,IDLE
814350,3.55,0.0,IDLE
814360,3.51,0.0,IDLE
814370,3.48,0.0,IDLE
814380,3.44,0.0,IDLE
814390,3.39,0.0,IDLE
814400,3.35,0.0,IDLE
814410,3.32,0.0,IDLE
814420,3.28,0.0,IDLE
814430,3.23,0.0,IDLE
814440,3.19,0.0,IDLE
814450,3.14,0.0,IDLE
814460,3.09,0.0,IDLE
814470,3.03,0.0,IDLE
814480,2.97,0.0,IDLE
814490,2.90,0.0,IDLE
814500,2.84,0.0,IDLE
814510,2.78,0.0,IDLE
814520,2.72,0.0,IDLE
814530,2.65,0.0,IDLE
814540,2.58,0.0,IDLE
814550,2.53,0.0,IDLE
814560,2.46,0.0,IDLE
814570,2.40,0.0,IDLE
814580,2.34,0.0,IDLE
814590,2.27,0.0,IDLE
814600,2.21,0.0,IDLE
814610,2.15,0.0,IDLE
814620,2.09,0.0,IDLE
814630,2.02,0.0,IDLE
814640,1.96,0.0,IDLE
814650,1.90,0.0,IDLE
814660,1.83,0.0,IDLE
814670,1.77,0.0,IDLE
814680,1.71,0.0,IDLE
814690,1.66,0.0,IDLE
814700,1.60,0.0,IDLE
814710,1.55,0.0,IDLE
814720,1.50,0.0,IDLE
814730,1.46,0.0,IDLE
814740,1.42,0.0,IDLE
814750,1.38,0.0,IDLE
814760,1.34,0.0,IDLE
814770,1.30,0.0,IDLE
814780,1.26,0.0,IDLE
814790,1.23,0.0,IDLE
814800,1.20,0.0,IDLE
814810,1.17,0.0,IDLE
814820,1.15,0.0,IDLE
814830,1.13,0.0,IDLE
814840,1.11,0.0,IDLE
814850,1.10,0.0,IDLE
814860,1.10,0.0,IDLE
814870,1.10,0.0,IDLE
814880,1.10,0.0,IDLE
814890,1.10,0.0,IDLE
814900,1.10,0.0,IDLE
814910,1.11,0.0,IDLE
814920,1.11,0.0,IDLE
814930,1.12,0.0,IDLE
814940,1.12,0.0,IDLE
814950,1.13,0.0,IDLE
814960,1.13,0.0,IDLE
814970,1.13,0.0,IDLE
814980,1.13,0.0,IDLE
814990,1.14,0.0,IDLE
815000,1.13,0.0,IDLE
815010,1.13,0.0,IDLE
815020,1.13,0.0,IDLE
815030,1.13,0.0,IDLE
815040,1.13,0.0,IDLE
815050,1.13,0.0,IDLE
815060,1.13,0.0,IDLE
815070,1.13,0.0,IDLE
815080,1.13,0.0,IDLE
815090,1.13,0.0,IDLE
815100,1.13,0.0,IDLE
815110,1.12,0.0,IDLE
815120,1.12,0.0,IDLE
815130,1.12,0.0,IDLE
815140,1.12,0.0,IDLE
815150,1.12,0.0,IDLE
815160,1.12,0.0,IDLE
815170,1.12,0.0,IDLE
815180,1.12,0.0,IDLE
815190,1.12,0.0,IDLE
815200,1.12,0.0,IDLE
815210,1.12,0.0,IDLE
815220,1.12,0.0,IDLE
815230,1.12,0.0,IDLE
815240,1.12,0.0,IDLE
815250,1.12,0.0,IDLE
815260,1.12,0.0,IDLE
815270,1.12,0.0,IDLE
815280,1.12,0.0,IDLE
815290,1.11,0.0,IDLE
815300,1.11,0.0,IDLE
815310,1.11,0.0,IDLE
815320,1.11,0.0,IDLE
815330,1.11,0.0,IDLE
815340,1.11,0.0,IDLE
815350,1.11,0.0,IDLE
815360,1.11,0.0,IDLE
815370,1.11,0.0,IDLE
815380,1.11,0.0,IDLE
815390,1.11,0.0,IDLE
815400,1.11,0.0,IDLE
815410,1.11,0.0,IDLE
815420,1.11,0.0,IDLE
815430,1.11,0.0,IDLE
815440,1.11,0.0,IDLE
815450,1.11,0.0,IDLE
815460,1.11,0.0,IDLE
815470,1.10,0.0,IDLE
815480,1.10,0.0,IDLE
815490,1.10,0.0,IDLE
815500,1.10,0.0,IDLE
815510,1.10,0.0,IDLE
815520,1.10,0.0,IDLE
815530,1.10,0.0,IDLE
815540,1.10,0.0,IDLE
815550,1.10,0.0,IDLE
815560,1.10,0.0,IDLE
815570,1.11,0.0,IDLE
815580,1.11,0.0,IDLE
815590,1.10,0.0,IDLE
815600,1.10,0.0,IDLE
815610,1.10,0.0,IDLE
815620,1.10,0.0,IDLE
815630,1.10,0.0,IDLE
815640,1.10,0.0,IDLE
815650,1.09,0.0,IDLE
815660,1.10,0.0,IDLE
815670,1.10,0.0,IDLE
815680,1.10,0.0,IDLE
815690,1.10,0.0,IDLE
815700,1.10,0.0,IDLE
815710,1.10,0.0,IDLE
815720,1.10,0.0,IDLE
815730,1.10,0.0,IDLE
815740,1.10,0.0,IDLE
815750,1.09,0.0,IDLE
815760,1.09,0.0,IDLE
815770,1.09,0.0,IDLE
815780,1.09,0.0,IDLE
815790,1.09,0.0,IDLE
815800,1.09,0.0,IDLE
815810,1.09,0.0,IDLE
815820,1.09,0.0,IDLE
815830,1.09,0.0,IDLE
815840,1.09,0.0,IDLE
815850,1.09,0.0,IDLE
815860,1.09,0.0,IDLE
815870,1.09,0.0,IDLE
815880,1.09,0.0,IDLE
815890,1.09,0.0,IDLE
815900,1.09,0.0,IDLE
815910,1.09,0.0,IDLE
815920,1.08,0.0,IDLE
815930,1.08,0.0,IDLE
815940,1.08,0.0,IDLE
815950,1.08,0.0,IDLE
815960,1.08,0.0,IDLE
815970,1.08,0.0,IDLE
815980,1.08,0.0,IDLE
815990,1.08,0.0,IDLE
816000,1.08,0.0,IDLE
816010,1.08,0.0,IDLE
816020,1.08,0.0,IDLE
816030,1.08,0.0,IDLE
816040,1.08,0.0,IDLE
816050,1.08,0.0,IDLE
816060,1.08,0.0,IDLE
816070,1.07,0.0,IDLE
816080,1.07,0.0,IDLE
816090,1.07,0.0,IDLE
816100,1.07,0.0,IDLE
816110,1.07,0.0,IDLE
816120,1.07,0.0,IDLE
816130,1.07,0.0,IDLE
816140,1.07,0.0,IDLE
816150,1.07,0.0,IDLE
816160,1.07,0.0,IDLE
816170,1.07,0.0,IDLE
816180,1.07,0.0,IDLE
816190,1.07,0.0,IDLE
816200,1.07,0.0,IDLE
816210,1.07,0.0,IDLE
816220,1.07,0.0,IDLE
816230,1.07,0.0,IDLE
816240,1.07,0.0,IDLE
816250,1.07,0.0,IDLE
816260,1.06,0.0,IDLE
816270,1.06,0.0,IDLE
816280,1.06,0.0,IDLE
816290,1.06,0.0,IDLE
816300,1.06,0.0,IDLE
816310,1.07,0.0,IDLE
816320,1.07,0.0,IDLE
816330,1.07,0.0,IDLE
816340,1.08,0.0,IDLE
816350,1.07,0.0,IDLE
816360,1.07,0.0,IDLE
816370,1.07,0.0,IDLE
816380,1.07,0.0,IDLE
816390,1.06,0.0,IDLE
816400,1.05,0.0,IDLE
816410,1.05,0.0,IDLE
816420,1.05,0.0,IDLE
816430,1.05,0.0,IDLE
816440,1.06,0.0,IDLE
816450,1.06,0.0,IDLE
816460,1.07,0.0,IDLE
816470,1.07,0.0,IDLE
816480,1.07,0.0,IDLE
816490,1.07,0.0,IDLE
816500,1.07,0.0,IDLE
816510,1.07,0.0,IDLE
816520,1.06,0.0,IDLE
816530,1.06,0.0,IDLE
816540,1.05,0.0,IDLE
816550,1.05,0.0,IDLE
816560,1.05,0.0,IDLE
816570,1.05,0.0,IDLE
816580,1.05,0.0,IDLE
816590,1.06,0.0,IDLE
816600,1.06,0.0,IDLE
816610,1.06,0.0,IDLE
816620,1.06,0.0,IDLE
816630,1.06,0.0,IDLE
816640,1.06,0.0,IDLE
816650,1.06,0.0,IDLE
816660,1.06,0.0,IDLE
816670,1.06,0.0,IDLE
816680,1.06,0.0,IDLE
816690,1.06,0.0,IDLE
816700,1.05,0.0,IDLE
816710,1.05,0.0,IDLE
816720,1.05,0.0,IDLE
816730,1.05,0.0,IDLE
816740,1.05,0.0,IDLE
816750,1.05,0.0,IDLE
816760,1.05,0.0,IDLE
816770,1.05,0.0,IDLE
816780,1.05,0.0,IDLE
816790,1.05,0.0,IDLE
816800,1.05,0.0,IDLE
816810,1.05,0.0,IDLE
816820,1.05,0.0,IDLE
816830,1.05,0.0,IDLE
816840,1.05,0.0,IDLE
816850,1.05,0.0,IDLE
816860,1.05,0.0,IDLE
816870,1.04,0.0,IDLE
816880,1.04,0.0,IDLE
816890,1.04,0.0,IDLE
816900,1.04,0.0,IDLE
816910,1.05,0.0,IDLE
816920,1.05,0.0,IDLE
816930,1.05,0.0,IDLE
816940,1.05,0.0,IDLE
816950,1.05,0.0,IDLE
816960,1.05,0.0,IDLE
816970,1.05,0.0,IDLE
816980,1.05,0.0,IDLE
816990,1.04,0.0,IDLE
817000,1.04,0.0,IDLE
817010,1.04,0.0,IDLE
817020,1.04,0.0,IDLE
817030,1.04,0.0,IDLE
